,% identity,mismatches
count,53165.0,53165.0
mean,97.59377334712687,25.033875670083702
std,1.5522173417282108,16.804976354254823
min,82.98,2.0
25%,96.67,11.0
50%,97.14,29.0
75%,98.97,33.0
max,99.84,212.0
